{
  "SDF-VAE": {
    "ece": 0.12866668184101582,
    "correlation": -0.3117191137599331,
    "correlation_pvalue": 3.0547866314650125e-224,
    "mean_uncertainty": 0.13575288653373718,
    "std_uncertainty": 0.00045310077257454395,
    "mean_error": 0.00707450695335865,
    "std_error": 0.004379676189273596,
    "bin_accuracies": [
      0.00708822812885046,
      0.006283759139478207,
      0.013112249784171581,
      0.012011760845780373,
      0.0,
      0.007871745154261589,
      0.0,
      0.0070428550243377686,
      0.0,
      0.008798222057521343
    ],
    "bin_confidences": [
      0.13570407032966614,
      0.13699348270893097,
      0.1385456621646881,
      0.13992241024971008,
      0.0,
      0.14241330325603485,
      0.0,
      0.14523588120937347,
      0.0,
      0.14865660667419434
    ],
    "bin_counts": [
      9673,
      305,
      9,
      8,
      0,
      2,
      0,
      1,
      0,
      1
    ],
    "bin_boundaries": [
      0.0,
      0.1,
      0.2,
      0.30000000000000004,
      0.4,
      0.5,
      0.6000000000000001,
      0.7000000000000001,
      0.8,
      0.9,
      1.0
    ]
  },
  "Vanilla VAE": {
    "ece": 0.46120617765039207,
    "correlation": -0.697755100804577,
    "correlation_pvalue": 0.0,
    "mean_uncertainty": 0.4646657705307007,
    "std_uncertainty": 0.08523165434598923,
    "mean_error": 0.0034411551896482706,
    "std_error": 0.0020945395808666945,
    "bin_accuracies": [
      0.010341491550207138,
      0.0074271634221076965,
      0.005768738687038422,
      0.00470849871635437,
      0.004005099181085825,
      0.003433255711570382,
      0.002985821571201086,
      0.0024025721941143274,
      0.0019260098924860358,
      0.001641973271034658
    ],
    "bin_confidences": [
      0.23344667255878448,
      0.273160845041275,
      0.3163061738014221,
      0.3618829846382141,
      0.40552660822868347,
      0.4516165256500244,
      0.49738383293151855,
      0.5393644571304321,
      0.5854467749595642,
      0.6217097640037537
    ],
    "bin_counts": [
      45,
      224,
      576,
      991,
      1520,
      1623,
      1986,
      1912,
      884,
      238
    ],
    "bin_boundaries": [
      0.0,
      0.1,
      0.2,
      0.30000000000000004,
      0.4,
      0.5,
      0.6000000000000001,
      0.7000000000000001,
      0.8,
      0.9,
      1.0
    ]
  },
  "\u03b2-VAE": {
    "ece": 0.7881522750377655,
    "correlation": -0.5336895726405287,
    "correlation_pvalue": 0.0,
    "mean_uncertainty": 0.7940699458122253,
    "std_uncertainty": 0.038742367178201675,
    "mean_error": 0.005852445028722286,
    "std_error": 0.003643291536718607,
    "bin_accuracies": [
      0.009315156377851963,
      0.009608087129890919,
      0.009468709118664265,
      0.008155678398907185,
      0.006797094829380512,
      0.006177793722599745,
      0.005721676629036665,
      0.0047929491847753525,
      0.0037268507294356823,
      0.0027413179632276297
    ],
    "bin_confidences": [
      0.6762310266494751,
      0.6958796977996826,
      0.7177233099937439,
      0.7389049530029297,
      0.7601303458213806,
      0.7810076475143433,
      0.8034385442733765,
      0.8229835033416748,
      0.845085084438324,
      0.8611957430839539
    ],
    "bin_counts": [
      40,
      220,
      326,
      840,
      1291,
      1317,
      2163,
      2667,
      923,
      212
    ],
    "bin_boundaries": [
      0.0,
      0.1,
      0.2,
      0.30000000000000004,
      0.4,
      0.5,
      0.6000000000000001,
      0.7000000000000001,
      0.8,
      0.9,
      1.0
    ]
  }
}