{
  "SDF-VAE": {
    "FID": 203.36555073879333,
    "LPIPS": 0.002866201645229012,
    "SSIM": 0.7618026494979858
  },
  "Vanilla VAE": {
    "FID": 69.07890517623821,
    "LPIPS": 0.002032485897652805,
    "SSIM": 0.855442276597023
  },
  "\u03b2-VAE": {
    "FID": 97.85635972592183,
    "LPIPS": 0.0024428164260461927,
    "SSIM": 0.8011011672019959
  }
}