{
  "SDF-VAE": {
    "recon_error": {
      "auroc": 0.9920319300000001,
      "aupr": 0.9904747493706244,
      "fpr_at_95tpr": 0.0334
    },
    "latent_var": {
      "auroc": 0.549585365,
      "aupr": 0.6848485207213493,
      "fpr_at_95tpr": 0.9984
    },
    "kl_div": {
      "auroc": 0.5722889550000001,
      "aupr": 0.6326684242670217,
      "fpr_at_95tpr": 0.9646
    },
    "sdf_score": {
      "auroc": 0.674732165,
      "aupr": 0.6076029963865416,
      "fpr_at_95tpr": 0.6039
    }
  },
  "Vanilla VAE": {
    "recon_error": {
      "auroc": 0.682203845,
      "aupr": 0.5948596259734498,
      "fpr_at_95tpr": 0.8573
    },
    "latent_var": {
      "auroc": 0.10299336,
      "aupr": 0.32105647152170685,
      "fpr_at_95tpr": 0.9931
    },
    "kl_div": {
      "auroc": 0.982269015,
      "aupr": 0.9791889990723506,
      "fpr_at_95tpr": 0.0989
    }
  },
  "\u03b2-VAE": {
    "recon_error": {
      "auroc": 0.9451197250000001,
      "aupr": 0.9337695422294149,
      "fpr_at_95tpr": 0.2761
    },
    "latent_var": {
      "auroc": 0.126371215,
      "aupr": 0.327646230999001,
      "fpr_at_95tpr": 0.9732
    },
    "kl_div": {
      "auroc": 0.989778655,
      "aupr": 0.9886188762648457,
      "fpr_at_95tpr": 0.0498
    }
  }
}